	<!-- Add this entry to hash/neogeo.xml before </softwarelist> -->
	<software name="hellotut">
		<description>Hello World Tutorial</description>
		<year>2016</year>
		<publisher>freemco</publisher>
		<sharedfeat name="release" value="MVS,AES" />
		<sharedfeat name="compatibility" value="MVS,AES" />
		<part name="cart" interface="neo_cart">
			<dataarea name="maincpu" width="16" endianness="big" size="0x100000">
				<rom loadflag="load16_word_swap" name="hello-p1.p1" offset="0x000000" size="0x080000" crc="7172cef4" sha1="ac2900d2747e9623922407a515317c75e8064785" />
			</dataarea>
			<dataarea name="fixed" size="0x040000">
				<rom offset="0x000000" size="0x020000" name="hello-s1.s1" crc="59630e02" sha1="ea4b5cb140a0cbad7655193095b5a7acdeb65ffa" />
			</dataarea>
			<dataarea name="audiocpu" size="0x020000">
				<rom offset="0x000000" size="0x010000" name="hello-m1.m1" crc="26a2a46e" sha1="c7d3ee8c0d38fbf0e8b2d1e15031d3ddbe35187e" />
			</dataarea>
			<dataarea name="ymsnd" size="0x80000">
				<rom name="hello-v1.v1" offset="0x000000" size="0x004000" crc="86b7c99b" sha1="462fde74d469d22da67f60004de9647e43a5099e" />
			</dataarea>
			<dataarea name="sprites" size="0x040000">
				<rom loadflag="load16_byte" name="hello-c1.c1" offset="0x000000" size="0x020000" crc="cbed16bd" sha1="cc4011cfa8dfad76ee611cb2c519109c9debcb87" />
				<rom loadflag="load16_byte" name="hello-c2.c2" offset="0x000001" size="0x020000" crc="7ee8cdcd" sha1="67dfd19f3eb3649d6f3f6631e44d0bd36b8d8d19" />
			</dataarea>
		</part>
	</software>
